login,contributions,url
Miodec,7942,https://github.com/Miodec
Bruception,181,https://github.com/Bruception
unrealapex,168,https://github.com/unrealapex
monkeytypegeorge,144,https://github.com/monkeytypegeorge
fehmer,108,https://github.com/fehmer
lukew3,83,https://github.com/lukew3
typerqeo,56,https://github.com/typerqeo
Ferotiq,53,https://github.com/Ferotiq
rizwanmustafa,39,https://github.com/rizwanmustafa
bhomie,37,https://github.com/bhomie
Estebene,37,https://github.com/Estebene
github-actions[bot],35,https://github.com/apps/github-actions
SeerLite,35,https://github.com/SeerLite
willerbee,33,https://github.com/willerbee
Brachyurus,29,https://github.com/Brachyurus
dmartin-tech,24,https://github.com/dmartin-tech
devkennyy,23,https://github.com/devkennyy
BlackSagittarius,21,https://github.com/BlackSagittarius
noahpin,19,https://github.com/noahpin
aNOOBisTheGod,16,https://github.com/aNOOBisTheGod
CrumblyLiquid,13,https://github.com/CrumblyLiquid
DharmarajX24,13,https://github.com/DharmarajX24
a1usha,13,https://github.com/a1usha
0x8b,12,https://github.com/0x8b
sanidhyas3s,12,https://github.com/sanidhyas3s
jnoel-dev,12,https://github.com/jnoel-dev
NadAlaba,11,https://github.com/NadAlaba
teddinotteddy,11,https://github.com/teddinotteddy
dependabot[bot],11,https://github.com/apps/dependabot
seaerchin,11,https://github.com/seaerchin
Smithster,10,https://github.com/Smithster
s3rdarb,10,https://github.com/s3rdarb
Dmskrzh,9,https://github.com/Dmskrzh
magicteo,9,https://github.com/magicteo
refact0r,9,https://github.com/refact0r
OctahedronV2,9,https://github.com/OctahedronV2
albertying,9,https://github.com/albertying
aviiciii,8,https://github.com/aviiciii
Killer8Hyper,8,https://github.com/Killer8Hyper
Erlkoenigs,8,https://github.com/Erlkoenigs
Jack92829,8,https://github.com/Jack92829
Marco-Pagani,8,https://github.com/Marco-Pagani
Maclogger,8,https://github.com/Maclogger
DanGonite57,8,https://github.com/DanGonite57
bataak,7,https://github.com/bataak
egorguslyan,7,https://github.com/egorguslyan
avi123nash,7,https://github.com/avi123nash
holyhearted,7,https://github.com/holyhearted
xZa-k,7,https://github.com/xZa-k
rustom,7,https://github.com/rustom
omackenzie,7,https://github.com/omackenzie
MustafaLinux,7,https://github.com/MustafaLinux
neezacoto,7,https://github.com/neezacoto
Apsu,6,https://github.com/Apsu
xia0,6,https://github.com/xia0
ramnathk,6,https://github.com/ramnathk
penguin-teal,6,https://github.com/penguin-teal
aviegdown,6,https://github.com/aviegdown
zachy-ho,6,https://github.com/zachy-ho
sondrekje,6,https://github.com/sondrekje
farisfaikar,6,https://github.com/farisfaikar
NipulM,6,https://github.com/NipulM
LifeAdventurer,6,https://github.com/LifeAdventurer
kemonprogrammer,6,https://github.com/kemonprogrammer
mwahlig,6,https://github.com/mwahlig
ThatOneCalculator,6,https://github.com/ThatOneCalculator
jameslounds,6,https://github.com/jameslounds
joshuamango,5,https://github.com/joshuamango
Jonny-exe,5,https://github.com/Jonny-exe
mtthwn,5,https://github.com/mtthwn
deniscerri,5,https://github.com/deniscerri
pyxan,5,https://github.com/pyxan
iuuang,5,https://github.com/iuuang
ibrab000,5,https://github.com/ibrab000
vsenjoyer,5,https://github.com/vsenjoyer
jerryzhou196,5,https://github.com/jerryzhou196
j-fosstvedt,5,https://github.com/j-fosstvedt
MaticSulc,5,https://github.com/MaticSulc
GFruit,5,https://github.com/GFruit
Dunxter,5,https://github.com/Dunxter
raymon-zhang,5,https://github.com/raymon-zhang
SethFalco,5,https://github.com/SethFalco
Warrobot10,5,https://github.com/Warrobot10
ridemountainpig,5,https://github.com/ridemountainpig
Ahmad-A0,4,https://github.com/Ahmad-A0
Shuja-Mahmood,4,https://github.com/Shuja-Mahmood
TayIorRobinson,4,https://github.com/TayIorRobinson
vuong-buihv,4,https://github.com/vuong-buihv
ademirkan,4,https://github.com/ademirkan
barthakstege,4,https://github.com/barthakstege
extoplasm,4,https://github.com/extoplasm
l4ssc,4,https://github.com/l4ssc
shishberg,4,https://github.com/shishberg
sombre-hombre,4,https://github.com/sombre-hombre
tcbutler320,4,https://github.com/tcbutler320
throwawaywords,4,https://github.com/throwawaywords
thienanbeou,4,https://github.com/thienanbeou
ObiKeahloa,4,https://github.com/ObiKeahloa
D3press3dd,4,https://github.com/D3press3dd
mrbrianevans,4,https://github.com/mrbrianevans
codybloemhard,4,https://github.com/codybloemhard
RealCyGuy,4,https://github.com/RealCyGuy
Dainternetdude,4,https://github.com/Dainternetdude
devdenisalex,4,https://github.com/devdenisalex
Dioswilson,4,https://github.com/Dioswilson
itsmeshibintmz,4,https://github.com/itsmeshibintmz
robsassack,4,https://github.com/robsassack
pran01,4,https://github.com/pran01
iwa,4,https://github.com/iwa
71xn,4,https://github.com/71xn
jacekdobrowolski,4,https://github.com/jacekdobrowolski
leduyquang753,4,https://github.com/leduyquang753
mynimi,4,https://github.com/mynimi
Octarine-Phaneron,4,https://github.com/Octarine-Phaneron
MushyToast,3,https://github.com/MushyToast
prince-patel23,3,https://github.com/prince-patel23
ryurina,3,https://github.com/ryurina
SpiritAxolotl,3,https://github.com/SpiritAxolotl
tawtis,3,https://github.com/tawtis
tricarbonate,3,https://github.com/tricarbonate
vjgtigers,3,https://github.com/vjgtigers
atbuy,3,https://github.com/atbuy
tmuplayer33,3,https://github.com/tmuplayer33
YummyOreo,3,https://github.com/YummyOreo
sphaxa,3,https://github.com/sphaxa
BarePotato,3,https://github.com/BarePotato
alegottu,3,https://github.com/alegottu
anakojm,3,https://github.com/anakojm
arda-a,3,https://github.com/arda-a
gimmerain4days,3,https://github.com/gimmerain4days
huzqy,3,https://github.com/huzqy
Mintoo200,3,https://github.com/Mintoo200
joweli,3,https://github.com/joweli
marcoferrari2409,3,https://github.com/marcoferrari2409
poldoms,3,https://github.com/poldoms
f1sh33,3,https://github.com/f1sh33
precompute,3,https://github.com/precompute
verbxtim,3,https://github.com/verbxtim
daenikon,3,https://github.com/daenikon
yunfachi,3,https://github.com/yunfachi
zefr0x,3,https://github.com/zefr0x
aqeelshamz,3,https://github.com/aqeelshamz
underscoore,3,https://github.com/underscoore
Abod1960,3,https://github.com/Abod1960
iitsalex,3,https://github.com/iitsalex
Abdulbasit0123,3,https://github.com/Abdulbasit0123
pistasjis,3,https://github.com/pistasjis
avetisovi,3,https://github.com/avetisovi
kae,3,https://github.com/kae
AntoninMayet,3,https://github.com/AntoninMayet
ArijanJ,3,https://github.com/ArijanJ
te-lang-wakker,3,https://github.com/te-lang-wakker
CoolerFred,3,https://github.com/CoolerFred
DKparadox,3,https://github.com/DKparadox
JellieTheForg,3,https://github.com/JellieTheForg
EMRD95,3,https://github.com/EMRD95
EDUJOS,3,https://github.com/EDUJOS
MichaelDeutschCoding,3,https://github.com/MichaelDeutschCoding
shahnewaz-labib,3,https://github.com/shahnewaz-labib
Triikk,3,https://github.com/Triikk
nocommentcode,3,https://github.com/nocommentcode
MakerJake01,3,https://github.com/MakerJake01
Kungger-git,3,https://github.com/Kungger-git
kacperwyczawski,3,https://github.com/kacperwyczawski
g-thome,3,https://github.com/g-thome
coffee-compiler,3,https://github.com/coffee-compiler
Inirdin,3,https://github.com/Inirdin
janreggie,3,https://github.com/janreggie
jkjrmlg,3,https://github.com/jkjrmlg
kunal-rp,3,https://github.com/kunal-rp
JojoCalabaza,3,https://github.com/JojoCalabaza
monners,3,https://github.com/monners
satnaing,2,https://github.com/satnaing
shanedonovan,2,https://github.com/shanedonovan
Shashwat-pd,2,https://github.com/Shashwat-pd
sohamb117,2,https://github.com/sohamb117
stevep99,2,https://github.com/stevep99
Otard95,2,https://github.com/Otard95
sonderingheights,2,https://github.com/sonderingheights
samuelxyz,2,https://github.com/samuelxyz
miyukowo,2,https://github.com/miyukowo
tjkuson,2,https://github.com/tjkuson
Typeacode,2,https://github.com/Typeacode
VNKTSH00,2,https://github.com/VNKTSH00
vilgotf,2,https://github.com/vilgotf
vilvl,2,https://github.com/vilvl
WhosChester,2,https://github.com/WhosChester
xandymelo,2,https://github.com/xandymelo
mohanadft,2,https://github.com/mohanadft
sleeepstorm,2,https://github.com/sleeepstorm
nishu-murmu,2,https://github.com/nishu-murmu
NoCrypt,2,https://github.com/NoCrypt
nullaf,2,https://github.com/nullaf
O-X-E-Y,2,https://github.com/O-X-E-Y
pablos123,2,https://github.com/pablos123
Prajwalrajbasnet,2,https://github.com/Prajwalrajbasnet
pranayroni,2,https://github.com/pranayroni
QuackerDeezles,2,https://github.com/QuackerDeezles
RasmitDevkota,2,https://github.com/RasmitDevkota
psudo-dev,2,https://github.com/psudo-dev
rdavison,2,https://github.com/rdavison
ryan-harrington,2,https://github.com/ryan-harrington
SarkarKurdish,2,https://github.com/SarkarKurdish
sashinexists,2,https://github.com/sashinexists
noamvokaal,2,https://github.com/noamvokaal
paulphys,2,https://github.com/paulphys
riyuzenn,2,https://github.com/riyuzenn
rogercc03,2,https://github.com/rogercc03
ryevertigo,2,https://github.com/ryevertigo
ryujinscales,2,https://github.com/ryujinscales
hama73,2,https://github.com/hama73
tymof1j,2,https://github.com/tymof1j
wizpizz,2,https://github.com/wizpizz
yekta,2,https://github.com/yekta
favault,2,https://github.com/favault
AndrejStojkovic,2,https://github.com/AndrejStojkovic
cubedhuang,2,https://github.com/cubedhuang
everypizza1,2,https://github.com/everypizza1
StefanescuEduard,2,https://github.com/StefanescuEduard
Eloren1,2,https://github.com/Eloren1
kwfk,2,https://github.com/kwfk
Yultax,2,https://github.com/Yultax
filename24,2,https://github.com/filename24
aikooo7,2,https://github.com/aikooo7
aungKhantPaing,2,https://github.com/aungKhantPaing
carnivoroustoad,2,https://github.com/carnivoroustoad
coliss86,2,https://github.com/coliss86
compscitwilight,2,https://github.com/compscitwilight
druotoni,2,https://github.com/druotoni
ebblies,2,https://github.com/ebblies
g-harel,2,https://github.com/g-harel
hanabo-mk,2,https://github.com/hanabo-mk
holoflash,2,https://github.com/holoflash
kStor2poche,2,https://github.com/kStor2poche
kiriDevs,2,https://github.com/kiriDevs
kopipahit-1,2,https://github.com/kopipahit-1
krsntn,2,https://github.com/krsntn
mellangr,2,https://github.com/mellangr
seoulection,2,https://github.com/seoulection
BrookFeleke,2,https://github.com/BrookFeleke
CameronCT,2,https://github.com/CameronCT
coal-rock,2,https://github.com/coal-rock
corey-b,2,https://github.com/corey-b
dariogoetz,2,https://github.com/dariogoetz
drdilyor,2,https://github.com/drdilyor
dCubelic,2,https://github.com/dCubelic
dunk2k,2,https://github.com/dunk2k
egemasta,2,https://github.com/egemasta
ehanahamed,2,https://github.com/ehanahamed
ElijahRosal,2,https://github.com/ElijahRosal
elswenson,2,https://github.com/elswenson
ericettensohn,2,https://github.com/ericettensohn
Estifanos12,2,https://github.com/Estifanos12
TheExploration,2,https://github.com/TheExploration
andGuo,2,https://github.com/andGuo
aditya1rawat,2,https://github.com/aditya1rawat
Abinawan,2,https://github.com/Abinawan
ammarptn,2,https://github.com/ammarptn
minerscale,2,https://github.com/minerscale
Anu-Ra-g,2,https://github.com/Anu-Ra-g
arbanhossain,2,https://github.com/arbanhossain
ariebh,2,https://github.com/ariebh
AshkanArabim,2,https://github.com/AshkanArabim
DarthJarJarJar,2,https://github.com/DarthJarJarJar
bala418,2,https://github.com/bala418
BalkoBalkho,2,https://github.com/BalkoBalkho
Banzobotic,2,https://github.com/Banzobotic
bsamseth,2,https://github.com/bsamseth
bsule,2,https://github.com/bsule
bool3max,2,https://github.com/bool3max
Fraserbc,2,https://github.com/Fraserbc
Johnapolitan,2,https://github.com/Johnapolitan
JosueLeovani,2,https://github.com/JosueLeovani
KParthSingh,2,https://github.com/KParthSingh
runebone,2,https://github.com/runebone
dtuukkanen,2,https://github.com/dtuukkanen
lucas-fern,2,https://github.com/lucas-fern
Usman-Abubakr,2,https://github.com/Usman-Abubakr
JannatinNaim,2,https://github.com/JannatinNaim
Magical-Penguin,2,https://github.com/Magical-Penguin
narze,2,https://github.com/narze
michelkoga,2,https://github.com/michelkoga
mendelmaleh,2,https://github.com/mendelmaleh
mehdihdev,2,https://github.com/mehdihdev
Max-Verbinnen,2,https://github.com/Max-Verbinnen
kritserv,2,https://github.com/kritserv
teh-maxh,2,https://github.com/teh-maxh
Faris0520,2,https://github.com/Faris0520
FukurouMakoto,2,https://github.com/FukurouMakoto
Fuwn,2,https://github.com/Fuwn
gforien,2,https://github.com/gforien
FabianSt305,2,https://github.com/FabianSt305
GalileoBlues,2,https://github.com/GalileoBlues
shinze,2,https://github.com/shinze
gkeep,2,https://github.com/gkeep
desert3agle,2,https://github.com/desert3agle
ianfromdover,2,https://github.com/ianfromdover
0x1a1a1a,2,https://github.com/0x1a1a1a
imtone1,2,https://github.com/imtone1
JacoChong,2,https://github.com/JacoChong
Jashmeen,2,https://github.com/Jashmeen
Jeff0502,2,https://github.com/Jeff0502
Jitesh117,2,https://github.com/Jitesh117
grothe6,1,https://github.com/grothe6
dkrikun,1,https://github.com/dkrikun
satelerd,1,https://github.com/satelerd
HyperDanisH,1,https://github.com/HyperDanisH
DarrylBrooks97,1,https://github.com/DarrylBrooks97
DastardlySky,1,https://github.com/DastardlySky
kosorin,1,https://github.com/kosorin
David-Mordechai,1,https://github.com/David-Mordechai
p00ya,1,https://github.com/p00ya
DenelDuck,1,https://github.com/DenelDuck
drrckchng,1,https://github.com/drrckchng
dev-shetty,1,https://github.com/dev-shetty
D-T-666,1,https://github.com/D-T-666
Felixbstck,1,https://github.com/Felixbstck
ABHISHEKVALSAN,1,https://github.com/ABHISHEKVALSAN
carlossgabriel,1,https://github.com/carlossgabriel
cbebe,1,https://github.com/cbebe
LyricLy,1,https://github.com/LyricLy
Ciezo,1,https://github.com/Ciezo
moverest,1,https://github.com/moverest
CTGAP,1,https://github.com/CTGAP
semilin,1,https://github.com/semilin
connorjan,1,https://github.com/connorjan
Bregoliii,1,https://github.com/Bregoliii
coryshaw1,1,https://github.com/coryshaw1
Cosmeeeen,1,https://github.com/Cosmeeeen
Cucumberrbob,1,https://github.com/Cucumberrbob
cesarcoboscv,1,https://github.com/cesarcoboscv
Dampfie93,1,https://github.com/Dampfie93
danhogan,1,https://github.com/danhogan
DanInSpace104,1,https://github.com/DanInSpace104
danii,1,https://github.com/danii
datsfilipe,1,https://github.com/datsfilipe
Coadon,1,https://github.com/Coadon
rudnam,1,https://github.com/rudnam
Fynn-Pritzkau,1,https://github.com/Fynn-Pritzkau
ga-fleury,1,https://github.com/ga-fleury
Hombre-x,1,https://github.com/Hombre-x
Rocheez,1,https://github.com/Rocheez
gavinmn,1,https://github.com/gavinmn
george124816,1,https://github.com/george124816
GioSDA,1,https://github.com/GioSDA
jo-valer,1,https://github.com/jo-valer
guijun13,1,https://github.com/guijun13
groig,1,https://github.com/groig
guillermodotn,1,https://github.com/guillermodotn
gunungpw,1,https://github.com/gunungpw
b-paul,1,https://github.com/b-paul
DioneJM,1,https://github.com/DioneJM
Dishmemah,1,https://github.com/Dishmemah
Dlurak,1,https://github.com/Dlurak
soul-catcher,1,https://github.com/soul-catcher
mrhappyma,1,https://github.com/mrhappyma
drambique,1,https://github.com/drambique
gondolin24,1,https://github.com/gondolin24
eisthefifthletter,1,https://github.com/eisthefifthletter
Eggflaw,1,https://github.com/Eggflaw
EmNudge,1,https://github.com/EmNudge
em1lyy,1,https://github.com/em1lyy
eran-pinhas,1,https://github.com/eran-pinhas
rendinjast,1,https://github.com/rendinjast
gubareve,1,https://github.com/gubareve
evvvrado,1,https://github.com/evvvrado
FEZfan,1,https://github.com/FEZfan
Faurazeko,1,https://github.com/Faurazeko
KANGRIZ,1,https://github.com/KANGRIZ
alex-1121,1,https://github.com/alex-1121
maleksware,1,https://github.com/maleksware
rossellhayes,1,https://github.com/rossellhayes
popey456963,1,https://github.com/popey456963
Achess01,1,https://github.com/Achess01
aezexa,1,https://github.com/aezexa
Jeve-Stobs,1,https://github.com/Jeve-Stobs
yzAlvin,1,https://github.com/yzAlvin
Anasdevs,1,https://github.com/Anasdevs
radarmeanie,1,https://github.com/radarmeanie
A9qx,1,https://github.com/A9qx
AndreiSergiuu,1,https://github.com/AndreiSergiuu
andrewhchang,1,https://github.com/andrewhchang
asd153866714,1,https://github.com/asd153866714
angelofallars,1,https://github.com/angelofallars
nguyenanhducs,1,https://github.com/nguyenanhducs
AOTREVAI,1,https://github.com/AOTREVAI
soulninja-dev,1,https://github.com/soulninja-dev
aarnav593,1,https://github.com/aarnav593
Hattorius,1,https://github.com/Hattorius
Aaryab1,1,https://github.com/Aaryab1
paurana,1,https://github.com/paurana
Absalon43,1,https://github.com/Absalon43
adammehaney,1,https://github.com/adammehaney
asd20752,1,https://github.com/asd20752
AdrianSkar,1,https://github.com/AdrianSkar
Aeonimous,1,https://github.com/Aeonimous
AfonsoVReis,1,https://github.com/AfonsoVReis
asmpro7,1,https://github.com/asmpro7
ajay-vishnu,1,https://github.com/ajay-vishnu
akhilesh-w,1,https://github.com/akhilesh-w
AlJavhar,1,https://github.com/AlJavhar
Ale-Flash,1,https://github.com/Ale-Flash
AntikoreDev,1,https://github.com/AntikoreDev
BalzGuenat,1,https://github.com/BalzGuenat
HamNuggets,1,https://github.com/HamNuggets
Bastkapp,1,https://github.com/Bastkapp
beckxie,1,https://github.com/beckxie
thescripted,1,https://github.com/thescripted
maixnor,1,https://github.com/maixnor
ujdhesa,1,https://github.com/ujdhesa
Ocnaibill,1,https://github.com/Ocnaibill
boris-gu,1,https://github.com/boris-gu
borisnezlobin,1,https://github.com/borisnezlobin
TTamisier,1,https://github.com/TTamisier
Hailfire805,1,https://github.com/Hailfire805
bragefuglseth,1,https://github.com/bragefuglseth
brainandforce,1,https://github.com/brainandforce
CaptainRex-501st,1,https://github.com/CaptainRex-501st
CarinaChenot,1,https://github.com/CarinaChenot
CarlFabian,1,https://github.com/CarlFabian
ch3rny,1,https://github.com/ch3rny
antonkesy,1,https://github.com/antonkesy
kyratzakos,1,https://github.com/kyratzakos
KillerLava,1,https://github.com/KillerLava
4rivappa,1,https://github.com/4rivappa
Arom1a,1,https://github.com/Arom1a
AronF,1,https://github.com/AronF
ashinberish,1,https://github.com/ashinberish
axl-devhub,1,https://github.com/axl-devhub
barraIhsan,1,https://github.com/barraIhsan
Ayce45,1,https://github.com/Ayce45
uppercasee,1,https://github.com/uppercasee
akmatoff,1,https://github.com/akmatoff
grtcdr,1,https://github.com/grtcdr
BarniExe,1,https://github.com/BarniExe
cBachoo,1,https://github.com/cBachoo
Badhi,1,https://github.com/Badhi
